galaxy,ra0,dec0,pa,ba,re,dist
NGC0309,14.17776,-9.91387,107.84957,0.84,13.47,79.55
